'La gente que dice que le encanta el fr√≠o, no sale a laburar o estudiar a las 7am no??? ES UNA TORTURA.',
'Yo a mi hermanita de 4 a√±os:
+ Isa y qu√© m√°s te gusta a parte de las papas fritas?
- M√°s papas.

ES INDUDABLE QUE ES MI HERMANA.',
'Que bronca me da la gente que para twittear empieza a concatenar sin sentido palabras que ley√≥ en sus apuntes de la facultad para ver si le queda algo inteligente.',
'La persona que maneja la calefacci√≥n en el tren es at√©rmica. O te cagas de calor o te mor√≠s de fr√≠o, no hay punto medio.',
'Chab√≥n qu√© le hicieron al tren? Estoy viajando sentado üò±',
'Qu√© ganas de preguntar cosas en clase un viernes a las 10 de la noche. Callense as√≠ termina de una vez!!',
'Esta es la √©poca de "empec√© el cuatrimestre diciendo que iba a estar al d√≠a y me sali√≥ como el culo" seguido de 3 d√≠as de intenso estudio.',
'Qu√© espanto la coca sin gas por favor',
'Por favor pongan el CBC en Chubut as√≠ no hay que viajar tan como el ojete en el transporte p√∫blico cada vez que empieza.',
'Vinieron 50 personas al taller de OMA. 50.',
'Odio esa gente en la facultad que hace preguntas al profesor pero no le interesa la respuesta. Dej√° de hinchar los huevos, hace 40 grados y me quiero ir!',
'Que lindo cuando est√°s en la estaci√≥n cagado de calor y de repente entras al tren con aire.',
'Con esto del descuento de la SUBE, peque√±o detalle que puede fallar: si le pedis a tu amigo la plata y sac√°s vos tu boleto y el suyo, gan√°s porque el segundo sale 50% menos ü§î. Est√° chequeado esto?',
'No le deseo a nadie el calor infernal del pabell√≥n 1 en verano.',
'Qu√© lindo arrancar a cursar el 29 de Enero üòäüòäüòäüòäüòä (no)',
'Qu√© hermoso es sacar mesa en Pueblo',
'Que lindas son las vacaciones espont√°neas!',
'Chino me nombra en la entrevista de Cr√≥nica y yo estoy tipo Mike Wazowsky: "APAREZCO EN LA PORTADA!"',
'Esos ¬´sale bar?¬ª espont√°neos son lo mejor del grupo.',
'Qu√© lindo es viajar con el aire del tren por favor.',
'El pr√≥ximo cap√≠tulo de Flash sale reci√©n el 16 de enero üò≠üò≠',
'Quiero terminar de rendir, por favor!',
'"Este finde largo me pongo a full a estudiar".',
'Qu√© bien me hizo viajar al Nacional. Lo que genera una olimp√≠ada es incre√≠ble, te marca de por vida.',
'Por m√°s quemado que est√©, voy a subir 15 historias de instagram de la ventana del avi√≥n. Perd√≥n si ustedes viajan todos los d√≠as yo tomo mate en La Bristol.',
'Pobre nivel: soy el √∫nico de los exol√≠mpicos que nunca viaj√≥ en avi√≥n y ped√≠ que me dejen la ventana. Se ve que les d√≠ l√°stima porque me dijeron que s√≠.',
'Dos d√≠as para üõ´ al Nacional !',
'Volver a escuchar m√∫sica que hab√≠as dejado de lado varios a√±os trae banda de recuerdos.',
'Me violenta que en vez de hacer encuestas pongan "RT o fav". Les dan herramientas y se niegan a usarlas, as√≠ con todo.',
'Que el bondi no pare y desde arriba leerle de los labios a la gente de "la concha de tu madre".',
'√öltimamente est√° lleno de tweets repetidos.',
'Qu√© linda sensaci√≥n de libertad la de salir de rendir un final.',
'Espectacular el d√≠a para venir al r√≠o a tomar mate!',
'Por la bronca, hoy me clav√© un paquete de Don Satur en la facu (buena excusa).',
'Ayer por segunda vez intent√© salir a correr y llovi√≥ de nuevo. Parece que para el mundo ser matem√°tico y hacer ejercicio no se llevan bien.',
'Viajar sentado a la ma√±ana hace la diferencia por el resto del d√≠a.',
'Qu√© paja tener que cursar tantas horas y que por la ventana se vea el d√≠a hermoso.',
'El d√≠a previo a un final es eterno y a la vez muy poco tiempo.',
'Estar a mil nivel: me tuve que anotar en el gym de la facu porque sino no ten√≠a tiempo de ir.',
'Siempre tengo terror de romperle la maqueta a alguno de FADU en el bondi. Son enormes.',
'Que grande Chino, clav√≥ 2do puesto Provincial y ahora lo invitan al entrenamiento de la Iberoamericana. Qu√© lindo es entrenar.',
'Todos saliendo y yo reci√©n salgo de cursar',
'Martes y viernes de 9 a 22 en la facu estoy re limado.',
'Desde que vivo con mi abuela no paro de comer y guardar ropa limpia.',
'Qu√© paja cuando te sentas a estudiar y te buscas excusas para distraerte.',
'Nada m√°s lindo que compartir gustos con un grupo genial de gente.',
'Frase que le tiraron al chico que sac√≥ oro en el mundial de matem√°tica: ¬øDe qu√© planeta viniste, para dejar en camino a tanto Chino?',
'Ma√±ana se va a Aeroparque a recibir a la selecci√≥n nacional que vuelve del mundial de matem√°tica! Mejor participaci√≥n en 15 a√±os. Incre√≠ble.',
'VAMOS CARAJO 1 ORO 2 PLATAS 1 BRONCE y 2 MENCIONES EN LA IMO PARA EL EQUIPO DE ARGENTINA Y LATAM CHAMPIONS, NO DAN MAS DE CRACKS!',
'Gran primer d√≠a del training camp, extra√±aba a los pibes y el ambiente de competencia.',
'Terrible serie How I met your mother, atenta contra mi buen promedio en la facultad.',
'Ma√±ana el equipo argentino viaja a la International Mathematical Olympiad (el mundial) y probablemente medio pa√≠s no se entere, qu√© triste.',
'Reuni√≥n familiar y mi pap√°, mi t√≠o y mi abuelo mand√°ndose wpp entre ellos. Est√°n todos en el mismo comedor.',
'Hace 3 meses los memes de expanding intellect estaban buenos. Ahora los hace gente que no entiende nada. "Memes del cerebro" le dicen...',
'Nada m√°s lindo que pasar la tarde de domingo estudiando con Lu ü§ìüòç',
'Es un lunes muy nada.',
'Gente pelotuda que le ped√≠s ayuda y se hace rogar. Dej√°, le pido a otro, imb√©cil.',
'No entiendo por qu√© la gente que se va sin querer a Coghlan espera el tren de vuelta. Drago est√° a 5 cuadras pajeros, caminen.',
'Son las 6 de la tarde y sigo descubriendo nuevas an√©cdotas del noch√≥n de ayer.',
'Hay que salir a la calle con una mochila tipo la de los ghostbusters pero que tire Raid.',
'No ser√° una invasi√≥n zombie, pero abr√≠s la puerta un segundo y te entran 5943 mosquitos con esteroides.',
'No hay nada mejor que estar al pedo despu√©s de un mes intenso de correr todo el tiempo.',
'Que termine r√°pido esta clase üò•üò•',
'La gente se queja de todas las estaciones del a√±o, les viene mal todo.',
'Qu√© lindo es salir de rendir un final de 6 horas y que te haya ido bien. Quemad√≠simo. Ahora a vivir por un tiempo.',
'Para los que nos quejamos de que no tenemos tiempo: Hoy en la facu un chabon estudiaba mientras meaba en el migitorio.',
'Odio estar enfermo y perder tiempo. Pero me encanta cuando me resigno, me voy a acostar tapado y me tomo un t√©.',
'Esperar en Av. San Martin el bondi. Que te hagan caminar hasta Miguelete. Que tarde media hora. Y que se rompa. Que buen d√≠a!(y no es todo).',
'Buen Pear..',
'No puedo creer que tuve que pagar pear.',
'Qu√© lindo cuando vas al gym y sin pensar te encontr√°s tus amigos.',
'Qu√© paja cuando una actividad te cae en medio de tu tiempo libre.',
'Qu√© buen presentimiento que tengo de este Pirrrsssssssssss',
'Como concentrarse para estudiar yahoo respuestas.',
'Odio, odio, odio perder el tren.',
'Qu√© raro acordarse como era la vida de uno hace un par de a√±os y ver c√≥mo cambi√≥ tanto.',
'Mi hermanita de dos a√±os y medio sabe usar Snapchat mejor que yo.',
'Qui√©n te conoce preparar finales. Aguante Pear.',
'Qu√© paja cursar con este calorrrrrrr.',
'Volv√≠ de Gesell, no par√© dos d√≠as m√°s, y cuando paro me enfermo mal.',
'Hoy sale quedarlaaa.',
'Eu alto Le Brique, todav√≠a ni nos fuimos.',
'S√∫per Geseeeeeeelll',
'Estamos encerrados en la carpa por la lluvia. Sale Pueblo?',
'Sale mesa en Pueblooo',
'Melisa tir√°ndole mg a mis tweets a esta hora, m√°s chu ‚ù§',
'Nunca me imagin√© que la gente en Gesell estaba tan manija como dec√≠an. Tremendo.',
'Si tomas y tus amigos no te siguen, pierde la gracia.',
'Rober es lo mejor que le pas√≥ a la previa üòÇ',
'Hoy sale Le Brique!',
'Esto de decidir ir a Gesell 3 d√≠as antes es una locura. Pero me encanta.',
'No se puede estar en el gym a las 7 de la tarde. Demasiada gente.',
'Quiero playa üò≠',
'Es fija, si dec√≠s "llego re bien", terminas llegando tarde. Si estabas a una cuadra cae un meteorito para que se cumpla.',
'Desde cu√°ndo se hablan estos dos? Las vueltas de la vida..',
'Hoy grab√© un DVD, me siento en 2010. Me faltar√≠a abrirme un Fotolog y estamos.',
'Remate, volvimos remolcados por mi abuelo 250km, en Hurlingham a las 23 se cort√≥ la soga, v√©rtigo en el culo.',
'Ayer volviendo de la costa se nos qued√≥ el auto, mi viejo y yo nos quedamos a pedir la gr√∫a. El seguro nos dijo "felices fiestas".',
'No salgo a Soul hace mil a√±os, ma√±ana vamos a ver que onda la fiesta.',
'Me muero de sed y ya me levant√© 5 veces para tomar. Necesito seriamente un frigobar en mi pieza as√≠ me aislo tranquilo.',
'¬øQu√© es mayor, la cantidad de veces que la canci√≥n de Shakira dice "Bicicleta", o la cantidad de √°tomos en el universo?',
'Si hay algo que odio es comer una empanada de carne y encontrarme con aceitunas. NO VAN EN LAS EMPANADAS, entiendanlo (y si pon√©s, avis√°).',
'Me encantan los viajes de OMA, no la podr√≠a pasar mejor.',
'Qu√© lindo que la pas√© con ella.',
'Del vodka saborizado no se vuelve.',
'Ese cafecito de 5 de la tarde en la facu es clave.',
'Hoy sale hacer picada y cocinar pizzas con la m√°s hermosa üòç',
'Qu√© paja cuando no pod√©s ni pensar del quilombo que ten√©s en la cabeza. Se nubla todo.',
'Qu√© paja ir tantas veces al m√©dico. Me parece que sale un Mc para equilibrar la felicidad (y la salud).',
'No puede estar m√°s linda hoy',
'Recuper√© el n√∫mero!',
'Lo peor es que uno labura para comprarse las cosas y estos hijos de puta vienen y te roban como si nada. Vayan a laburar.',
'Que bronca que me hayan robado loco.',
'Soy tremendo fan del olor a lim√≥n del subte A.',
'Qu√© paja cuando cancelan el tren.',
'Tres alumnitos pasaron al Certamen Nacional de OMA üéâüòÑ',
'Qu√© garcha no poder tomar por los ri√±ones. Igual va a ser alta noche, se sale con los pibes.',
'Un viaje lejos, descansar un rato, distraerse y frenar un toque.',
'Necesito que el d√≠a dure una hora m√°s, m√≠nimo.',
'Me encanta que abr√≠s Twitter y siempre el primer tweet que est√° a la vista es de Melisa',
'"Est√° m√°s fuerte que cachetada de transformer". Las cosas que uno escucha',
'Nada m√°s lindo que despertarse con un audio de ella',
'7/9 de mis alumnos aprobaron, bien ah√≠ loco',
'Viste cuando te quer√≠as meter a la pileta pero el d√≠a es un baj√≥n',
'Qu√© r√°pido se pas√≥ el a√±o loco',
'Star Wars VII es un rejunte de escenas de las 6 anteriores, ya estoy convencido',
'Amo estas vacaciones',
'EL QUE NO SALE HOY A PINAR, NO ENTIENDE NADA EN ESTE MUNDO LOCO',
'N U E V E  - D E',
'9D genteeeee, lleg√≥ el d√≠a de hacerse pijaaaaa',
'DOS DIAS PARA EL NACIONAL',
'Insta-vot√©',
'Los dos somos fan√°ticos de lo prohibido, nos emborrachamos frente al mar',
'Hoy queda exactamente un mes para el #9D!!',
'Estoy completamente indignado.',
'Mi novia me ama mucho',
'A veces es mejor respirar hondo, tragarte lo que est√°s sintiendo, exhalar y seguir.',
'Es incre√≠ble como la pol√≠tica pasa a ser algo meramente medi√°tico para algunas personas',
'Dale que falta menos para el viernes, a seguir remando',
'Esos d√≠as de mierda que van mal y tipo 5 te los rematan con algo mucho peor.',
'Alta noche',
'Hoy sale Leloir, va a ser alta nochee',
'Me da pena la gente que no sabe que tienen 2x1 en big mac las veces que quieran si tienen un ticket de compra',
'Los gritos de Benci "MA - √ëANA, MA - √ëANA, EXCURSI√ìN DE BARRO [...]" .',
'Hoy sale gira con las wachas, ah no?',
'Tramitenme un lago para mi ventana, yayaya',
'Todos nos vamos a acordar de Juampi y el alien que le hizo esa cosa en el cuello por siempre.',
'Rombai y Marama no salen de mi cabeza un segundo',
'BARILOOOOOOOOOOOCHEEEE',
'Traigan puertas, portones, escotillas, ventanas, lo que veeenga que hay una banda de manijas',
'3 DIAAAAAAAAAAAAS',
'Cuatro d√≠as y a la pija todo',
'El buen blazer ....',
'Ma√±ana es como viernes, el viernes no hay clase, la semana que viene me la re suda, la otra.. ya fue tambi√©n me la suda yyy brc!!!',
'Clap along if you know what happines is to yoou.',
'El chab√≥n que vend√≠a chips en el tren, AHORA VENDE FUNDAS DE SUBES. SE√ëORES ES EL FIN DE UNA ERA.',
'Hoy explota menta daleee',
'El top 50 Argentino de Spotify plagueado de Rombai y Marama, que onda?',
'Ac√° con la Lu',
'Tard√© 20 min en votar, ahora a vestirme como indigente y no salir de mi casa hasta ma√±ana',
'Una wacha piola, que se pone bien loca. Poes√≠a de alta calidad.',
'Estar√≠a bueno un bot√≥n para desaparecer un rato',
'En un mes aprox. vamos a estar en brc, y la manija aumenta cada vez maaas',
'Cho cho chofer pare el taxi',
'La gente pide que haga calor m√°s seguido como hoy y no se dan cuenta que eso quiere decir que el mundo se est√° haciendo mierda.',
'Todo bien con el calor, pero a este paso nos vamos a cagar muriendo todos.',
'Qu√©  tipo rancio este pibe',
'El nivel de decadencia de algunas personas hoy en d√≠a.. no pod√©s subir eso',
'Levantarse a las 11 es como decirle al lunes "Te cabe".',
'Qu√© bien me hizo hablar hoy con ella',
'No doy m√°s de extra√±arte, volv√© ya, por favor',
'Se acuerdan de 2010?',
'Fucking peer pressure.',
'Saben que? Voy a probar el Kiwi porque presi√≥n social.',
'No s√© qui√©n me rompi√≥ m√°s las pelotas, la gente que usa Kiwi o la gente que se queja de los que usan Kiwi.',
'Quiero hacer algo hoy, no me quiero quedar en casa',
'Ok. Vamos a putear un poquito al que se le ocurri√≥ inventar "La noche del encuentro" en Grisu.',
'Ese nudo en el est√≥mago con el que hay que convivir a veces',
'No puedo estar tranquilo, les juro que intento, pero no.',
'Se me fue a Bariloche y yo ac√° comi√©ndome las u√±as',
'Ese d√≠a que ven√≠as esperando hace mil diciendo "A partir de ah√≠ voy a tener tiempo para vivir"',
'No tener que ir durante un mes al colegio y hacer lo que me gusta, es lo mejor que me pudo haber pasado',
'Ma√±ana primer d√≠a de entrenamiento, toda la pila!',
'SEEEEEEEEEEEEEEEEEEEEEEEEEEEEEEEEEEEEEEEEEEEEE',
'Hoy es viernes y se duerme fuerte. Ma√±ana me sale la jubilaci√≥n, seguro.',
'Hazlo por m√≠ Pipo, por Maginer.',
'Yo s√© que todos est√°n esperando #ElBuzoDeNat',
'Terminar re cansado pero saber que el d√≠a vali√≥ la pena',
'Que buen finde, aplausos',
'Que buena primer clase nos sali√≥ hoy',
'Me estar√≠a cagando de hambre',
'C√≥mo hacer un trabajo pr√°ctico en 5 minutos con Juanga',
'Ayer despu√©s de muchos a√±os, pis√© un sal√≥n de fiestas infantil',
'Mi vieja nos deja instrucciones paso a paso para sobrevivir',
'"Animal Fram" y otras burradas de Juli',
'Dale dale, que siga la mala suerte, total yo me la banco',
'No me puedo sacar las canciones de Panam de la cabeza, alguien que me pegue hasta quedar inconsciente',
'Me destaco por ser un pelotudo fenomenal. A veces me sorprendo a m√≠ mismo de c√≥mo me supero d√≠a a d√≠a.',
'Pobre la gente que no se est√° bajando un cuarto de helado ahora mismo.',
'Ma√±ana no salgo de casa ni que me arrastren',
'Al fin casa, desde ayer a las 6 am que no volv√≠a',
'La coca se volvi√≥ una adicci√≥n para toda mi familia, no les copa volver al jugo Tang con soda?',
'Tengo contraturno man, a las 3 de la tarde, no quiero',
'No soporto m√°s la semana, quiero que sea m√≠nimo ma√±ana a la tarde, para poder decir "ma√±ana es viernes"',
'Que te hagan ir a las 4 por una hora, cort√°ndote el d√≠a, deber√≠a ser ilegal',
'No puedo creer los contraturnos de mierda que nos tocaron, me quejar√≠a',
'Aguante ser un quemado',
'Y no te asustes si me r√≠o como un loco',
'Feliz d√≠a Pi gentee, si soy re nerd, enci√©rrenme en un s√≥tano.',
'Y todos ya manijeando con el #9D, dale que explotaaaaaaa',
'El mundo afuera es un horno. Aguante estar en mi cueva, digo, mi pieza, con el aire.',
'Por favor que no nos pongan contraturnos los viernes porque me la corto!!',
'√öltimo primer "domingo bajonero porque ma√±ana es Lunes y tenemos clase". Abreviado algo as√≠ como #UPD',
'Mi tweet n¬∞ 1000 (√©ste) est√° dedicado para todos los boludos que dedican sus tweets seg√∫n el n√∫mero.',
'Estoy manija con todo lo que implica este a√±o',
'Me acabo de acordar, ma√±ana vamos a dormir a la casa de Gal, se encara bien el viernes.',
'Uptown Funk se gana con honores el estar en el primer puesto de Spotify hace meses.',
'Recordemos juntos la existencia del rancio "juguito" Goliat.',
'Para no perder la costumbre, hoy llegamos, y la de Qu√≠mica gritaba',
'Que paja haber vuelto al colegio chabon',
'Mi√©rcoles de flojera',
'Espero no defraudarme',
'Yo espero el d√≠a que alguien se prenda conmigo a preparar Klav Kalash para ver qu√© tan horrible es el sabor',
'Nadie se da una idea el dolor de cuello que tengo, estoy todo contracturado, no lo puedo ni girar',
'Cuando te salen tres problemas de sel IMO en racha, no pod√©s pedir m√°s por el resto del d√≠a.',
'Mi noche de jueves se est√° basando en buscar temas retros',
'Ma√±ana lindo d√≠a se viene, esperemos que Gal se mejore',
'Que buen d√≠a con los chicos',
'#Banchero con los pibes! http://t.co/ftN6xlGGAh',
'Al fin se organiza salida con los pibes',
'Hoy se sale a Plaza Irlanda que el d√≠a est√° lindo',
'Estos 15 d√≠as en mdp se hicieron interminables',
'#Atalaya http://t.co/aHxLrNk8OI',
'Se sale para Mardel!',
'Los nuevos trenes est√°n geniales, ahora da el doble de gusto ir a capital.',
'No entiendo como no les pueden gustar las pel√≠culas de terror',
'Wiggle wiggle wiggle',
'Tengo sue√±o, pero ni ganas de irme a dormir, estoy bien as√≠',
'C√≥mo me gustar√≠a irme a vivir a capital',
'Que bien la pas√© hoy',
'Cocinando panqueques con Lu! (Los panqueques en la foto se los debo) http://t.co/dfI1ti8VkR',
'El s√°bado se sale para mardel, como extra√±o la playa.',
'Hoy pochoclos, pelis y panqueques con Lu, como no pod√≠a ser de otra manera con este d√≠a.',
'Que bien que la pas√© en la quinta de Fer',
'Est√°n todos durmiendo, qu√© onda?',
'Como me mandar√≠a una porci√≥n de fritas. Si, son las 11 de la ma√±ana.',
'Voy a empezar a usar m√°s el twitter que lo dej√© hace banda',
'Ya quiero que sea s√°bado para ir a la quinta de Fer',
'Como me encanta ir a capital',
'Me tengo que volver a reinsertar en la sociedad, esto de ir al medio de la nada sin internet te deja colgado.',
'El viaje a Mascardi fue lo mejor que me pas√≥ en mucho tiempo.',
'Mi previa es bajarme un cuarto de helado, seee',
'A veces no s√© si este tipo de cosas me tendr√≠a que preocupar, o tendr√≠a que dejar de romper las pelotas',
'Ma√±ana se sale a Pinaaar',
'Noche buena, comida, fernet y mucha gente',
'Volvi√≥ la banda del vicio',
'Hoy sale soul',
'Se proyecta la vida',
'No me par√≥ EL TREN. Si, as√≠ de anormal, viva conurbano! Siempre tan innovadores',
'Ma√±ana Laucha rinde educaci√≥n f√≠sica, #FuerzaLaucha',
'Nada mejor que estar en diciembre y poder decir a los 4 vientos "me la suda"',
'Ma√±ana todos rinden Beron, ah no, LA ELITE NO',
'Estar√≠a teniendo ganas de salir',
'Me duele la cabeza, pero siempre se puede hacer un problema m√°s de OMA',
'Estar con vos y nada m√°s',
'Se me fue de viaje, yo tambi√©n tendr√≠a que haber viajado! Que bronca de ser tan boludo.',
'Todos armando el arbolito en sus casas y el la m√≠a bueno.. "che m√°, el arbolito sigue vivo?"',
'No s√© si meterme o no en la pelea la verdad',
'Se arm√≥ la gorda en wpp, puter√≠o a full',
'Domingo, lleg√° r√°pidoo',
'Que linda que est√°s, sos un caramelo.',
'Llegar a la estaci√≥n y que la aplicaci√≥n de trenes te diga que faltan 35 minutos, es frustrante',
'Hoy al Abastoo',
'Qu√© carajo les pasa a todos que se van a dormir temprano?',
'Como es que todav√≠a no tenemos foto grupal de 5to Nat? Urgente tramiten eso.',
'Descubr√≠ que soy muy celoso, ya lo sospechaba, lo confirmo.',
'Integradora de DeJorge el martes y todos planeando la copiada m√°s grande de la historia',
'Diciendo que hoy salen todos, me quedo corto.',
'We'll be counting stars.',
'Esperar el bondi un domingo es insufrible',
'17 a√±os y me sigue asustando la posibilidad de volver pelado de la peluquer√≠a',
'Me di cuenta que s√≥lo uso el twitter cuando estoy ansioso por algo.',
'No puedo estar m√°s manija, imposible.',
'"Si s√≥lo a vos te falta entrada, junta m√°s gente con entrada y se las fraccionan, mientras m√°s gente, tu fracci√≥n de entrada tiende m√°s a 1"',
'Me encanta cuando me habla ella.',
'Ten√≠a muchas ganas de ir a Pio, una entrada no les sobraba?',
'Dej√© de usar el twitter hace banda, me volv√≠ una persona m√°s ocupada.',
'Aguante lo random.',
'No se como pero terminamos viendo Frozen',
'Ma√±ana tengo tantas cosas que hacer que me da paja pensarlas, me quedo con lo bueno que fue este d√≠a',
'√âsta semana se define con que onda voy a estar el resto de este a√±o y el a√±o que viene entero.',
'Subway y otros grandes inventos.',
'Hace banda no salgo',
'Stadium Arcadium y la casa sola.',
'Hay una especie de simbiosis',
'Qu√© calor, qu√© calor, oeeeeeeo',
'Se fue y estoy embolad√≠simo',
'Por qu√© le sonr√≠o al celular? Estoy enfermo.',
'Me la suda Mate, sorry http://t.co/CsqwMu67J9',
'Stalkearle las conexiones y otras enfermedades s√≥lo m√≠as.',
'Vale twittear de vez en cuando, pero simplemente me da paja.',
'Viva todo gente !',
'Nada m√°s depre que los d√≠as post-viaje de oma',
'Ac√° con el Roomate. En Mardel! http://t.co/SbFzHrruWx',
'Esta semana es buen√≠sima, y parece que se viene mejor',
'Horaas para Mardel, dale tiempo, pas√° r√°pido que no doy m√°s',
'Uh no se puede favear nada sin que le busquen una indirecta al fav',
'Ya quiero que sea ma√±ana para viajar a la metro!',
'Me dan ganas de que ya nos toque a nosotros brc, pero no quiero que termine.',
'Que buena estuvo la joda de anoche, pobre el pibe que quedo en el piso igual.',
'V√≠spera de Beronsito http://t.co/9gjARZ39V4',
'A mi vieja la nominaron en el laburo para el "Ice Bucket Challenge", lo hace, y yo tipo salgo a la calle s√≥lo con una bolsa en la cabeza.',
'Que lindo irse del colegio temprano porque te "sent√≠s mal"',
'Quiero tener un 15 loco',
'Lo que dar√≠a por que el colegio me pagara el Provincial',
'Que bueno estuvo ir a ver Relatos Salvajes con los pibes',
'En vez de Soul podr√≠amos salir a un buen pub, 100 pesos, las pelotas.',
'Soul 100 pesos? Vayanse a cagar.',
'Viernes de hiperactividad.',
'Qui√©n te conoce papa.',
'Hoy est√° para no ir a ning√∫n lado y mirar series hasta la madrugada',
'Alem o no Alem, esa es la cuesti√≥n',
'Igual la verdad que aparte de la carpeta de De Jorge el d√≠a es buen√≠simo, no me puedo quejar.',
'La carpeta de De Jorge y otras maneras de cagarme la tarde.',
'Lo √∫nico bueno de una racha de cosas malas, es el tiempo en que empiezan a volver las cosas buenas que te pasaban, las valoras m√°s',
'Me podr√≠as hablar, capaz, digo, existo.',
'Charlie Sheen es un √≠dolo',
'Todav√≠a sigo enfermo, pero me dan 3 d√≠as de reposo, vamo lo pibe.',
'Cuando est√°s enfermo en cama termin√°s sabi√©ndote los horarios de todos los canales',
'"Ahora se puede demostrar todo con las estad√≠sticas, 40 por ciento de la gente lo sabe"',
'No doy m√°s del dolor de garganta, me estoy muriendo y no puedo ni hablar',
'Tener una tablet te cambia la vida',
'Tengo el celular lleno de fotos de Retrica que no son m√≠as.',
'Odio que se me escapen los favs, lo odio',
'Hace unas 3 semanas no voy al colegio y voy para cuando hay 725262 pruebas. Baj√≥n.',
'Burro gigante terminado http://t.co/tXqvj6VQCf',
'Armando el Burro gigante con Nico http://t.co/wjygRJfv3X',
'Me qued√© sin voz, ahora del todo.',
'Qu√© inc√≥modo que es no saber si saludar a alguien que viste que esta con los amigos por falta de confianza',
'Como me la sube ver Undateable',
'"Comete una mina y deja de intentar hacerte el Pr√≠ncipe Azul"',
'Hermoso d√≠a eh, la concha de la lora.',
'A veces el mundo me sorprende.',
'No quiero ir al contraturno, es una paja. Me niego.',
'Todos hist√©ricos por Ber√≥n y yo ac√°, comiendo pochoclos. Ja.',
'Mi vieja me manda wpp y yo le contesto "And√° a laburar". Siempre tan buen hijo.',
'Como que no quiero que terminen las vacaciones.',
'√âsta semana no voy al colegio, viva todo!',
'Que tengas un selectivo que si pas√°s te vas a Honduras, y que d√≠as antes est√©s bloqueado, es frustrante.',
'Entrar caminando a lo de mi abuela y salir rodando ya es algo que asum√≠ hace un tiempo.',
'La ibamos haciendo re bien en el Truco hoy, la ten√≠a que cagar no m√°s.',
'Todo muy loco. Todo muy antes. Y lo que se viene despu√©s.',
'Que bien la pase hoy, un cago de risa',
'Me levant√© con las re pilas, hoy se viene alto d√≠a',
'Parece que sale Soul, vamooo.',
'No como m√°s pizza por 1 mes.',
'Tengo sue√±o, me voy al sobre #TwOff',
'JAJAJA Ya fue, Juli dijo que paga el viaje Ile, hag√°monos los boludos, vamos al viaje gratis y despu√©s finjimos una pelea!',
'La despert√© a Melisa, me cago en su hiperactividad contagiosa.',
'MELISA TIENE UN GRAVE PROBLEMA DE HIPERACTIVIDAD HOY GENTE, SALVESE QUIEN PUEDA JAJAJAJA',
'Tiezzi la puta que te pari√≥, me doli√≥ a m√≠.',
'Mis fotos de perfil en fb siempre son un fracaso.',
'El gordo en el colectivo amenazando a Santi de cagarlo a pi√±as. JAJAJA',
'Se llena el obelisco de gente festejando.',
'Friends a la ma√±ana me la re sube.',
'Buen d√≠a gente! Hoy sale Uni, aunque tenga paja de ir.',
'Este audio vale oro gente, les juro, vale oro',
'Por un beso de la flaca yo dar√≠aaaaa lo que fuera, por un beso, aunque s√≥lo uno fuera.  (‚ô™)',
'Denada Juli por cerrarte el juego. Te quiero.',
'Y parece que ma√±ana vamos al Uni se√±ores.',
'Claramente, en la vida gana el mejor estratega.',
'#QuieroApretarUnBotonY Viajar a otra realidad por un rato.',
'Como siempre todo sale como el culo viste, para no perder la costumbre.',
'La concha de mi madre, otra vez?!',
'Como siempre, 3 horas planeando, y no hacemos nada. Sali√≥ quedarse en casita jugando a lo' fichine', como buen tipo con alma de gordo virgo.',
'Ahora parece que el cine pasa a ser bowling.',
'Parece que hoy sale cine. Pero falta m√°s gente que se copee',
'Lo que me cost√≥ levantarme de la cama a la computadora no tiene nombre, casi me arrastro.',
'No, porfavor no rt m√°s fotos turbias.',
'Laucha vino para revolucionar twitter.',
'Che banc√° con las fotos esas de mierda! SON MUY TURBIAS JAJAJA',
'Rema rema rema rema, rema sin parar.',
'Quiero ir al cine loco, no voy hace banda.',
'Planeaba empezar a tener un temperamento m√°s tranqui, pero no pude con migo y ya mand√© a alguien a la concha de su madre JAJAJA.',
'Todos salieron menos yo? Gracias por invitarme gente, buena onda.',
'Yo s√© que tengo alma de gordo, lo s√©',
'Spotify me hace las ma√±anas con su m√∫sica random.',
'Colgu√© sin querer, ahora colg√≥ ella, estamos a mano. Pero apurate que me duermo!',
'Estoy aburrid√≠simo, niveles insuperables',
'Que lindo que el domingo no sea tan domingo como siempre.',
'Hoy fue un d√≠a tan genial. Nada sali√≥ mal, nada.',
'Tarde o temprano todos se "barretizan".',
'En lo de Laucha con Nikito.  Hoy no se duermee http://t.co/fcMPbudVw2',
'Las voy a cagar a tiros. Vengan r√°pido',
'Como carajo twittea tan r√°pido?',
'Parece que hoy sale Alem',
'Buen d√≠aaa.',
'Es incre√≠ble como la m√∫sica te hace escapar de cualquier cosa, de lo que sea.',
'Se enoj√≥ porque le dije "Que hac√© fumaporro", mis amigos se√±ores.',
'Tengo que volver a hacer videos, que bien la pasaba',
'Gente desesperada por ver 50 sombras, as√≠ est√° el pa√≠s se√±ores.',
'Buen d√≠a gente, quiero hacer algo, el d√≠a est√° hermoso!',
'"There are many things I would like to say to you, but I don't know how". Otra vez m√°s "Wonderwall" suena en mi cabeza.',
'Las cosas que ve Laucha en la tele son turb√≠simas, posta.',
'Menosmal que el d√≠a est√° lindo as√≠ salimos a hacer algo.Todav√≠a no puedo creer que ganamos un juego en una tarde, no puedo ver la luz.',
'Leer conversaciones viejas, definitivamente, no hace bien.',
'Dar√≠a lo que fuera por viajar un par de meses atr√°s y gritarme que soy un pelotudo, pegarme y hacerme reaccionar.',
'Por lo visto, cuando menos la arreglo, mejor me va',
'Conectateee',
'No se conect√≥ en todo el d√≠a.',
'Levantarme tarde un Lunes, empiezo a amar mi vida de nuevo.',
'Siempre tan buena onda todo',
'Dai es mi ejemplo a seguirrrrr',
'Voy a almorzar un alfajor y galletitas, por que estoy solo, y porque siempre se puede ser m√°s paja',
'Tendr√≠a que haber salido a Soul, esta noche es trist√≠sima.',
'Tengo el problema de sobrepensar las cosas todo el tiempo.',
'No saber si las cosas te est√°n yendo bien o mal.',
'Que bueno estuvo la Alem hoy con los chicos, hay que repetirlo m√°s seguido!',
'Ah por qu√© tan imb√©cil viste, siempre cagando todo, todo',
'Discutiendo con Laucha sobre la 5ta dimensi√≥n',
'Me cans√©, si no apruebo con esto, me la suda, a dormirrr',
'V√≠spera de Beron.',
'Listo.',
'Saberte temas que nunca escuchaste. Eso da miedo.',
'Tengo que dejar de intentar arreglarla cuando hablo de m√°s, la termino cagando x1000',
'Ten√©s que ser forro para ense√±ar de Wikipedia en un colegio privado.',
'Dios, son como 50 p√°ginas de Geograf√≠a, que le pas√≥ por la cabeza a este tipo? NI QUE FUERAS BERON FLACO',
'Si hay algo que odio, es Geograf√≠a, me niego a leer una p√°gina',
'A contramano de mis deseos, la buena suerte esquiva mi anzuelo',
'Ya fue, arriesgo, pierdo y ya est√°. La hago f√°cil y no me preocupo m√°s',
'Hacer torres con fichas de domin√≥ y otras maneras de mostrar que tengo problemas',
'Soy juli, ACLARO',
'Soy tan linda, me amo :)',
'Ya le√≠ una p√°gina de historia. Vamos Manaos! #NosReVimos',
'"No puedo tirar la cadena y viene gente a casa" JAJAJAJAJAJA',
'Por qu√© tiene que ser tan dif√≠cil?',
'Dai genia la mas diosa de todas',
'Alguien se acuerda de "effeame por reverse :$" POR DIOS JAJAJAJAJA',
'Podr√©?',
'Como amo pelear con Julieta, me cago de risa.',
'Vamos a mejorar un poco las cosas. Cambiemos el humor.',
'Como me gusta cuando las cosas salen bien, aunque siempre algo la caga,',
'Decime que se siente.',
'No hay fiestas, como las de Lenny, como las de Lenny, si se√±or!',
'Tan dif√≠cil?',
'Mi vieja me llev√≥ a comprar mucha ropa para salir. TE AMO MA.',
'Cuando intent√°s hacer una torre siempre viene un pelotudo y te patea la base.',
'"[...] imaginar ese futuro te mantiene con vida, pero nunca te escapas. S√≥lo utilizas el futuro para escapar del presente.‚Äù',
'‚ÄúTe pasas toda la vida atorado en el laberinto, pensando en c√≥mo vas a escapar de ah√≠ un d√≠a y que fabuloso ser√° [...]"',
'Las cosas nunca salen como uno espera, NUNCA.',
'Ya fue.',
'Hace mucho que no le√≠a, que bueno que volv√≠ al h√°bito, momentos en que te vas del mundo y no volv√©s por un rato.',
'Tengo que empezar a hacer las cosas bien.',
'Siempre todo igual, siempre',
'S√≠, ahora ya entend√≠ por qu√© soy un pelotudo.',
'Me voy a dormir para siempre. Chau.',
'Me quiero ir a dormirr',
'Nos fue a todos bien. Que genial.',
'Caerse y que te de paja levantarte. As√≠ estamos.',
'Adicto a Spotify. No puedo hacer nada sin escuchar m√∫sica.',
'Se me peg√≥ fuerte "Nube de mosquitos"',
'Esto es turbio, dale, no me jodas. http://t.co/myFvXtBfQC',
'Me trajeron esto hasta la PC. Amo a todos. http://t.co/k3XKNBHF8P',
'Esas ganas de gritarme a m√≠ mismo: "Bobooooo"',
'¬øPor qu√© soy tan pelotudo?',
'No puedo creer, para las cosas que m√°s me importan tengo una traba siempre √∫ltimamente.',
'Ya es el tercer inrento fallido de soul. Me rindo, la pr√≥xima sale godo y fue.',
'Volver de alg√∫n lugar siempre es un problema',
'Noo, que temaso me acord√©, no lo voy a parar de escuchar ahora.',
'Las categor√≠as de m√∫sica de Spotify tienden a infinito, en cantidad y ridiculez de nombres.',
'Lo que va a ser ma√±ana cuando toque Joaqo. La van a romper.',
'Falt√© al colegio pero tengo contraturno, carajo.',
'Ir perdiendo 5 a 1 en el preguntados y darlo vuelta. Emocionante se√±ores.',
'Chistes malos y "Para m√≠ gana Ghana. ENTENDES ? GANA GHANA JAJA"',
'Ma√±ana sale faltazo',
'Odio el d√≠a de hoy.',
'Soy el √∫nico idiota que le sonr√≠e al celular sin darse cuenta?',
'Se est√°n haciendo mierda',
'Infaltable todos los viernes y s√°bados que se est√° en casa un buen skype hasta las 4 am.',
'Estar nervioso y no saber por qu√©. La historia de mi vida.',
'Que poca caballerosidad.',
'Juanga contestame si vas que quiero ir a soul forro',
'El pela de geo es un crack, no se compara con nadie.',
'Peluquer√≠a aa',
'Y al ruido de los vidrios, sali√≥ el gobernador, a preguntarle a esa se√±ora, por qu√© ha roto ese farol. ESTO ES INSALUBRE, una y otra vez.',
'Para m√≠ "gan√≥" Croacia. Deber√≠a haber ganado posta. Se la re banca.',
'Dale, vayanse a cagar.',
'Como siempre dije, est√° todo arreglado. Aguante Croacia loco.',
'Hoy Juli me revole√≥ una botella de coca y me explot√≥ encima. Qued√© lleno de coca cola.  Te odio.',
'Ojala suspendan gim por lluevia, as√≠ vemos la presentaci√≥n.',
'El ped√≥filo de hoy en el colectivo, que "estudiaba ciencias pol√≠ticas y quer√≠a ver que estudiabamos".',
'Este viernes se sale a soul, s√≠ o s√≠.',
'Silva clavando unos, qu√© raro.',
'Ma√±ana es martes. Peguense un tiro.',
'Sesi√≥n de maquillaje de Juli para Mati. http://t.co/7PENmNrbG7',
'"Ojo que en algunos boliches te ponen Manaos en la droga" JAJAJA',
'Tengo que empezar a twittear m√°s como antes, y dejar de stalkear, sobre todo eso.',
'Rickrollear gente ya est√° muy quemado.',
'Unicorn Zombie Apocalypse',
'Mati con twitter, Juli en skype, el mundo se di√≥ vuelta.',
'Mati se cre√≥ un twitter, esto es incre√≠ble.',
'Ya no s√© si me gusta el buzo de Arte o lograron persuadir mi gusto con tantos tweets.',
'En quimicaaa #Friends http://t.co/FY95tg2B1X',
'Ser√° que Laucha es puto y cag√≥n?',
'Ma√±ana me voy a quedar a comer en el colegio para explicar mate, que buen tipo soy (?',
'Ese momento cuando no sabes como estar, porque te salen todas las cosas bien pero te sale mal la que m√°s importaba',
'La paja que te da hacer una prueba de Beron es incre√≠ble',
'Todos ya estudiaron pol√≠tica masomenos, yo sigo planeando estudiar la noche anterior, que la chupe.',
'Sigales buscafama',
'No puedo creer que me contaron mal el 2, que injusto',
'Me est√°n stalkeando todos mis amigos, porque al pedo',
'Ese momento cuando no podes ser m√°s vos porque no te da el tiempo',
'Hacer una prueba de 2 horas con ganas de ir al ba√±o es insalubre, casi muero.',
'Viste cuando el alumno supera al maestro? Bueno as√≠',
'Mi viejo: NO ME VOY A QUEDAR PELADO, NO!',
'¬øPor qu√© a la naranja le tiraban con un cuchillo?',
'Las clases de Beron me estresan, la pr√≥xima duermo toda la clase y listo.',
'Nononono, que no levanten en el paro la concha del mono',
'Quebr√≥ 237, ¬øC√≥mo me voy a transportar?, *"A pat√≠n viejo, a pat√≠n"*',
'+Debe ser un axioma -Qu√© tiene que ver "axioma" en todo esto? + No s√©, es una palabra que usas mucho y no la entiendo.',
'Alguien escucha las canciones infantiles?, "Muri√≥ fusilado", "Muri√≥ de tristeza". Osea, esto es subliminal, alguien que los pare.',
'Pasaron 13 bomberos con sirenas y bocinazos en la calle de mi casa por el 25 de Mayo. Buen d√≠a gente..',
'Carajo, tengo que hacer que exista mi carpeta de historia para el martes.',
'Filosofando sobre canciones infantiles y otras cosas que componen mi s√°bado.',
'Perd√≠.',
'Como amo rendir instancias de olimp√≠adas, vuelvo feliz siempre.',
'Ya me estoy agotando, de tanto caminar.',
'D√≠a para escuchar Rock',
'Jajaja, que genial ver a todos llegando mojados mientras yo estoy en pijama en mi casa, simplemente genial.',
'Que lindo faltar con lluvia. Encima ten√≠amos Beron. Amor eterno a este d√≠a.',
'Laucha me desbloque√≥ de fb, VAMOS.',
'Iba a hacer un chiste con #ElChipdeMessi, pero ya me los quemaron todos, siempre tarde.',
'Y sali√≥ faltar ma√±ana, enganche con el intercolegial del jueves. Felicidad.',
'Que paja ir a gimnasia con este d√≠a.',
'Qui√©n hubiera dicho que Nico se iba a hacer un twitter, benvenuto al vizio.',
'Hay gente a la que le desactiv√© el chat de fb hace 3 meses por paja de hablar, y no lo volv√≠ a activar, no me d√≠ cuenta, soy una basura',
'Alguien ve√≠a "tu cara me suena" como para que gane un premio? Algo va mal creo',
'Esta chica no parece entender lo que es una persona que realmente valga la pena.',
'Se pasar√° la noche con m√∫sica',
'Necesito ya una tele nueva, para ver series hasta morir de inadaptaci√≥n social.',
'Tiempo r√©cord.',
'Que el mundo se valla bien a la mierda. Me voy a dormir. Que suerte de mierda la m√≠a siempre igual.',
'Se sale con o sin lluvia, no?',
'Estoy muy hiperactivoo, quiero salir yayayayayaa',
'Hoy sale soulouloul',
'Uf, ten√≠a unas ganas de ir a soul, va todo el curso encima, me cabio.',
'Feliz, feliz, feliz, feliz. Citando a McDonalds "me encanta todo esto"(?. Volviendo del sel IMO.',
'Que lindo no tener que recuperar con Beron, ser√≠a un baj√≥n estar estudiando Pol√≠tica',
'Lindo martes 13',
'Casi nunca hago lo que me propongo, me enoja mucho.',
'En este momento me odio m√°s que nunca.',
'Lunes, sos muy b√°sico, siempre igual.',
'#LaClaveParaSerFelizEs dejar de ser un pajero y salir a lograr lo que tanto so√±aste estando tirado en tu cama.',
'Tengo sue√±o. Anciano siempre.',
'Hoy "el duelo" entre Laucha y Mart√≠n, casa de Sigales.',
'Es genial el Nacional de Buenos Aires, nunca hab√≠a entrado',
'Me levant√©, dije "tengo sue√±o" y falt√© al colegio. Qu√© m√°s lindo que eso?',
'Ni ganas de ir al contraturno',
'Laucha me bloque√≥ de face, que calent√≥n que es jajaja.',
'Laucha se calent√≥ por lo de la foto JAJAJA',
'Noooooooo baj√≥n que no viaja, no es lo mismo',
'Wooah ! Living on a prayer !',
'Que negros de mierda.',
'Que manera de manguear cosas hoy en la expo jajaja.',
'Tengo 11 biromes, un cuaderno, una pulsera, un chupetin y muchos folletos de universidades. SOMOS SUPER RATAS JAJAJA.',
'Es incre√≠ble lo genial que es este d√≠a.  Y todav√≠a queda m√°s de la mitad.',
'Termin√© el trabajo, un pique hasta la cama, y nos vimos, a ver la tele',
'Este Lunes es muy Lunes.',
'En el gim con los pibes',
'Me acabo de dar cuenta que a Krabapple en los Simpson en el caf√© le ponen "Absolut Krusty".',
'Soultrain y la concha de tu madre. Iba a ser alta nochee loco',
'Hoy se sale fuerteeeeee',
'Laucha atendeme el Skype pelotudo.',
'Viendo videos de un f√≠sico loco un feriado a la noche, porque nerd y fantasma.',
'Floja plaga con Xipolitakis en el inicio, JAJAJAJA',
'Spotify es lo mejor que le pas√≥ a mi pc desde el 2013.',
'Ojal√° pueda salir ma√±ana.',
'Estoy re hiperactivo, necesito a alguno de mis amigos para picarlo con una birome. Soy muy normal.',
'Odio resfriarme.',
'Se me peg√≥ Happy de Pharrel Williams, mi mente la canta sola.',
'Hoy se sale a soul, con alta previaa',
'Un gato negro me est√° saltando en la parada de colectivo. Parece que ser√° un buen d√≠a.',
'Hoy voy al gym, esto es incre√≠ble, alguien s√°quele screen a este tweet.',
'Escribir como villero debe costar un huevo, con tantas may√∫sculas, min√∫sculas y acentos mezclados.',
'Si la amas, d√©jala ir, si vuelve sin helado, no le abras.',
'"Me mandaron tanto a la concha de la lora, que me voy a recibir de ginec√≥logo de aves" JAJAJA.',
'Todo sale demasiado bien, me va a terminar cabiendo feo, lo presiento.',
'El colectivo no viene m√°s.',
'Tiro tiro tiro pu√±alada pu√±alada. El que me peg√≥ eso, que sepa que lo odio.',
'Hay gente est√∫pida y se puede demostrar cada vez m√°s f√°cilmente.',
'El enano est√° en las nubes. Tir√≥ el celular al piso y se le cayo encima una taza de mate cocido. Todo al mismo tiempo. BUENA CRACK.',
'Plana √≠dolo.',
'Nunca nadie me entendi√≥ tan bien mis planteos como ahora.',
'Digo, c√≥mo buscan estimular la lectura dando para leer el LAZARILLO DE TORMES?, devu√©lvanlos a su √©poca con el auto de Back to the Future.',
'Hablemos de la paja que me da volver a casa despu√©s de gimnasia.',
'Enrique el de Geo es un crack, me cae demasiado bien el chab√≥n.',
'Me acord√© del "yo quer√≠a el agua, no el pico" de Mati, que chab√≥n JAJAJA',
'Siento como que desperdici√© demasiado tiempo que no puedo recuperar, me siento un idiota.',
'Por lo que s√©, si para la prueba de Beron estudio la noche anterior semi dormido como siempre, me va a garchar, pero paja de estudiar posta.',
'La selfie m√°s grande.. con los m√°s cracks. http://t.co/4rYuPLGZjJ',
'La marat√≥n de BBT y el chocolate me hicieron el domingo.',
'&lt;3 http://t.co/MUpJ6H1nT3',
'El d√≠a despu√©s de Pascua es el auge de la gordura humana.',
'Voy a morir comiendo chocolate, lo s√©.',
'Dec√≠ que en mi pieza no se escucha nada, yo creo que si tuviera que dormir con los llantos de la beb√© no podr√≠a.',
'Laucha hizo "una calculadora con agua". OK.',
'Soy un pelotudoo, la cagu√©.',
'No te alejes de mi porque akmonme quedo solitobsin ninguna utilidad #predeterminadodemierda',
'No puedo creer que se borr√≥ el video.',
'De repente todo sale mal.',
'Tengo sue√±o a esta hora ya, no se que onda, me vuelvo viejo.',
'No se que har√≠a sin mi dosis diaria de skype con los chicos, es lo mejor del d√≠a siempre.',
'Gente, ya nos peleamos todos con todos, dejen de romper las pelotitas con bariloche, se nos fue de las manos, dense cuenta.',
'√öltimamente estoy de re buen humor, me chupa un huevo todo',
'Hac√≠a banda no cambiaba la foto de perfil, tampoco twitteaba, volvi√≥ el Agustin que esta al pedo',
'Esto de tener lo de Arte en la computadora no sirve, estoy hace 2 horas por la p√°gina 4',
'El tema "bariloche" saca lo peor de nosotros.',
'Me cans√© de discutir, si quer√≠an que me rinda, esta era la manera, basta.',
'Me gustar√≠a sabe qu√© fueron a hacer al colegio los que fueron hoy.',
'Pens√© que la empresa se iba a elegir r√°pido, pero parece que no todos buscamos lo mismo',
'Quiero verla dale mann dejame entrar soy el hermano!',
'No saber que hacer.',
'Me quiero ir ya',
'Ahora empieza el bardo ¬øSnow o Travel?, ¬øHuemul o Auxonia?, ¬øCu√°l sale m√°s barato?. Es todo igual, pero aguante snow.',
'Este tipo es un forro, con lo que hizo hoy ya me demuestra que es un pelotudo como pensaba',
'Ma√±ana falto, ya fuee',
'Hace bocha no twitteo, no s√© que onda',
'Hodor.',
'Claramente vali√≥ la pena',
'Despues del finde termin√© hecho mierda. No dorm√≠ nada. Sale siesta de 10 horas.',
'Tengo que limpiar la pileta, m√° ten me.',
'Cosas raras y el puto "franel√≥grafo"',
'Clari la mejorrrr de todas',
'A ver, hacer una copia barata de un grupo de amigos piola, no los hace ser piola, los hace mas petes.',
'Odio venir a hacerme an√°lisis de sangre',
'Somos el mismo curso, pero el segundo a√±o que estamos juntos, todav√≠a nos sentamos un grupo en cada mesa del kiosco. Odio que pase eso.',
'Estoy re contento que Nico viaja con nosotros a Bariloche, no iba a ser lo mismo si no.',
'Eso es mala leche',
'Estoy nervios√≠simo y no s√© por qu√©.',
'Que horrible que es haber venido a hacer el boleto escolar de 343. ME CAGO DE FRIO LOCO ATENDEME.',
'Iba todo bien hasta que me acord√© que es domingo, un d√≠a mas de fin de semana porfavor!',
'En lo de santi!',
'Ese momento en que me levantan a las 9 despu√©s de haber salido y los mando a todos a la mierda',
'Que bueno estuvo ayer',
'Nos pasamos por la #ZekoFest',
'Hola pri, me est√°s stalkeando, lose.',
'No esperaba tanto que llegara el viernes desde el a√±o pasado.',
'Salimos todos los d√≠as a la 1.05 pr√°cticamente, una mierda',
'Idolatrar a Plana hasta el infinito.',
'Nos toc√≥ una de las √öNICAS 3 aulas sin aire, encima, es la misma que tuvimos en 4to. Gracias eh.',
'Me la re sube saber que ma√±ana tenemos a Plana.',
'¬øPor qu√© la gilada de hacernos empezar el 5?',
'Casi nos comemos un boludeo impresionante',
'No me copa mucho el color que pintamos la cocina. Pero mi pieza qued√≥ genial.',
'Die - t√© - ti - co.',
'Y de Aerosmith pasamos a Soda Stereo se√±ores, hoy pinta popurri de todo lo que me gusta.',
'Me pint√≥ escuchar Aerosmith, como en los viejos tiempos',
'Me tirar√≠a en la cama y no me levantar√≠a nunca.',
'Vamos la concha de la lora, gan√≥ River y le gan√© la apuesta. (Si, twitteo las cosas 3 horas despu√©s de pensarlas)',
'Esto de pintar la casa me cag√≥ la salida del s√°bado.',
'Hay demasiadas mujeres de visita en mi casa. Cuento 5 pero se multiplican progresivamente.',
'A cortarme el pelo',
'+Hagamos un equipo "serio". - JAJAJAJA, sisi.',
'Tengo que refinar mi gusto musical, no puede gustarme casi TODO.',
'Dije que iba a las 6.. son las 7 y contando',
'Me encanta que haga fr√≠o para ponerme exageradamente ropa de invierno.',
'Puta, empat√≥ Chelsea, adi√≥s plata.',
'Me aburro',
'No-doy-m√°s.',
'Vine sin desayunar. Voy a fundir el restaurant.',
'Ayer nadie cerro la puerta de casa y dormimos con todo abierto. Somos unos genios.',
'Donde est√°n todos?',
'Nos pagan a todos la comida del restaurant ma√±ana, a comeeeeer.',
'Porqu√© no nac√≠ en Estados Unidos? Quiero ir alg√∫n d√≠a aunque sea, conocer.',
'No salgo hace bocha, siempre digo, voy a salir, voy a salir, y no hago nada',
'Ac√° con Laucha uno en cada pc, porque siempre se puede ser mas gordo vicioso.',
'Te amo ma, gracias! http://t.co/8yjB94x6fr',
'Dejalo pasar Agust√≠n... hac√© de cuenta que no lo escuchaste, calmate',
'Ma√±ana martin pone casa, pero yo voy a ir hecho un zombie.',
'Uf ma√±ana me tengo que levantar a las 9, que paaja',
'Cuando me gusta una pel√≠cula no puedo parar de verla, la ver√≠a infinitas veces',
'Quiero que lindos d√≠as para usar la piletaa',
'Podr√≠a mirar Warner todo el d√≠a',
'Se me peg√≥ el tema de la propaganda de Movistar, "Everybody talks", la pasan tan seguido que no se me va de la cabeza.',
'Las estupideces que tengo que escuchar',
'Jugando al poker y mirando el freestyle de NBA',
'En lo de lucas con los pibes',
'Como estoy con Imagine Dragons, no puedo parar de escuchar.',
'La puta, yo quer√≠a ir a soul.',
'Tengo hambre y aca me arrancan la cabeza para comer algo',
'En palermo con los pibes. Menos los casados',
'Me molesta cuando en mi casa hay gente y se meten todos en mi cuarto, que onda? No se pueden ir a otro lado?',
'Estos d√≠as no me dan ganas de hacer nada',
'Levantarme y ver Friends me hace empezar bien el d√≠a',
'A veces no controlo las pelotudeces que digo.',
'Canciones raras y "Blurred Lines".',
'Con Nico y Lucas conquistando corazones',
'Odio fuerte la canci√≥n de "ponete el cintur√≥n"',
'Volvi√≥ el Internet, gracias, puedo vivir otra vez.',
'D√≠a 4 "sin internet" : Considero recurrir al suicidio. Empiezan a vislumbrarse potenciales s√≠ntomas de locura.',
'Arnet y la puta oligarqu√≠a.',
'Robar un chiste de internet y usarlo en la tele deber√≠a ser ilegal, inventense sus propios chistes GILES',
'A falta de internet: comida, cama, radio y celu en mano. Sigo extra√±ando el internet',
'El internet vuelve ma√±ana y yo aca con barba de n√°ufrago sonri√©ndole a la pc como todo buen inadaptado. Si, el viernes soul urgente.',
'D√≠a 2 "sin internet": La comida en exceso no cubre el vac√≠o de aburrimiento',
'El forro me dice "volves a tener internet en 48 hs" como si fuera f√°cil de asumir.',
'Cosas que me enferman y el tono de espera Telecom.',
'Sali afuera y veo todo amarillo, lo ven todos o estoy re duro?',
'Nada mas pete que cantar la canci√≥n de se√±ores papis estando solo en tu casa. Ah para, yo estaba haciendo eso.',
'Vayanse a la mierda todos',
'Lluevee, vamos!',
'Estoy muy feliz e hiperactivo, alguien que me pegue ?',
'Hoy viene Ale a estudiar qu√≠mica, una paja, pero todo por un amigo',
'Sale soul ma√±ana o no sale soul? Esa es la cuesti√≥n.',
'Hoy fue un buen d√≠a, estuve encerrado todo el d√≠a, pero igual pasaron cosas geniales.',
'Me puse horarios para organizar mi d√≠a porque estoy muy alpedo, si as√≠ de pelotudo soy.',
'Radioactive, radioactive ‚ô™',
'Ver Casados con hijos me alcanza para ser feliz por el resto del d√≠a.',
'Maldito karma',
'Que buena peli "Ladrona de libros", muy bien lograda.',
'El olor a cigarrillo con el que salgo de soul es impresionante',
'Que bien que me cayo esta piba',
'Con las fotos de esta noche hacemos una pel√≠cula',
'Vacio vacio esta esto, pero vamos a ponerle onda',
'Sale souuul',
'Terribles ganas de comer pollo a la parrilla, pero son las 2 de la ma√±ana, no da.',
'Me acuerdo cuando se me ocurr√≠an cosas para twittear, que buenos tiempos',
'Perd√≠ se√±ores',
'Espero que ma√±ana este lindo',
'Quiero salir a alg√∫n lado, me aburro mucho',
'Quiero ir al cine, lo necesito.',
'Last Vegas, extra√±aba ver una buena pel√≠cula.',
'Arreglaron la luz! Puedo vivir otra vez. A cargar el celular.',
'Peli con los pibes!',
'Deje mi casa impecable, ni la quiero tocar.',
'La puta se suspendio lo de laucha y ahora me vienen todos a la pile. Que pasa que no se ponen de acuerdo?',
'Y bueh, como no sali√≥ nada, le ocupamos la casa a Laucha para ver una pel√≠cula.',
'Lo que amo de las vacaciones es que estoy 13 horas solo de lunes a viernes con musica a todo lo que da!',
'Soy el esclavo de la casa, estoy entrenado por mi vieja para limpiar absolutamente todo, y me volvieron un obsesivo.',
'Cine o club, que sale?',
'Amar√≠a vivir en Estados Unidos y hablar ingl√©s todo el d√≠a, es muy genial.',
'Necesito salir, urgente.',
'Aca con el enaano en casa!',
'Lo  sacaron a Ale de la pileta. Porque siempre se puede hacer mas bardo.',
'Me estoy por hacer un experimento de corte nuevo, esperemos que salga bien',
'Que buen d√≠a que pase en el trede hoy.',
'Se revent√≥ el fantasmometro de lo fantasma que es este pibe. Encima se cree piola.',
'Salio trede ee !',
'Me parece que hoy sale trede',
'Pizzas con los chicoos',
'En lo de santi con los pibes!',
'Logr√© levantarme temprano de nuevo, no lo puedo creer.',
'Hoy mega juntada con los pibes',
'En el trede con los pibess!',
'Me tiraria a la pileta, por diversi√≥n.  Pero primero tendr√≠a que limpiarla. Ah√≠ se fue la diversi√≥n.',
'Da, nos ibamos a juntar todos y no se puede, fuck',
'Me cago en la suerte que tengo en algunas cosas, dec√≠ que no tengo la misma suerte en todo, sino nose.',
'Actividad Paranormal 5, es mejor que las otras 4, alfin se dieron cuenta de que iban mal.',
'Ese momento en que encontr√°s la canci√≥n que tanto buscaste. Inigualable.',
'Me encanta la lluvia, pero cuando voy a salir me caga los planes.',
'Hice trampa en el uno, soy re malo gente, temanme',
'No se puede tratar con gente tonta, me da bronca hablar con gente irrazonable.',
'Que lindo es dormir y comer apenas te levantas, es genial',
'Con mi primo hicimos torre de copas y servimos la sidra asi, que genios',
'No me gusta nada de lo que hicieron para empezar, genial, me cago de hambre traigan la carne.',
'Me gusta mas cuando festejamos en mi casa, es mas comodo y no tengo que poner cara de payaso feliz ante todo el mundo',
'Amo la imagen nueva de Google de hoy, es genial',
'El aire no se apaga desde ayer, lo quiero apagar para no hacerlo mierda, pero me cago de calor sino',
'Alg√∫n d√≠a me voy a hacer millonario con internet.. alg√∫n d√≠a...',
'Y si dejo todo y me voy a dormir?',
'La casa cuando mi vieja se va a alg√∫n lado parece vac√≠a, yo encerrado en mi pieza con el aire, mi viejo encerrado en su pieza lo mismo',
'Tengo ganas de ir al uni, pero hace un calor de cagarse',
'Mi casa tiene menos espiritu navide√±o que una casa de budistas, comen, se emborrachan, brindan y se van, extra√±o los regalos sorpresa.',
'No le encuentro la gracia a un fuego artificial si no hace luces. Lo compran solo por el ruido?',
'Todos hablando de "Papa Noel", y muchos regalos, aca en mi casa ni armaron el arbolito JAJAJA, lo que es vivir sin chicos chiquitos',
'Muero de calor, y estoy en ballester. Llego a casa con el aire en mi pieza y no me sacan ni para brindar.',
'Perder antes de empezar.',
'Me hice mierda limpiando la pileta, as√≠ que ahora voy a dormir hasta las 10 de la noche en el colch√≥n inflable.',
'Que bien que salio todo en el escenario, estuvo genial',
'Muero de calor! Aire acondicionado gracias por existir',
'Ir a lo de mi abuela y comer hasta morir',
'Ultimamente no twitteo nada',
'Odio cuando no me sale algo aunque lo intente 50 veces',
'Cada vez que me propongo hacer algo, empiezo y a los 5 minutos ya me da paja, odio eso.',
'Escuchar un tema y no encontrarlo',
'Que hecho mierda de ayer, pero vali√≥ la pena',
'No tengo como volver de pioo, la puta madre',
'Hoy explooota Piooo!',
'Dejar pillo es un arte que se logra con pocas palabras pero de buena calidad.',
'Kung fu rainbow lazer force JAJAJAJA que forrada',
'Soy un taraaaado, importante',
'JAJAJAJAAJA http://t.co/htFzYZ6dM7',
'Hoy se salee!',
'No doy m√°s, me voy a dormir',
'Ense√±arle a Ale matem√°tica, y que entienda, toda una odisea.',
'El chab√≥n este es un idiota, se cree que por tener un despacho es el rey del mundo, ojal√° alg√∫n d√≠a lo echen por pelotudo incompetente',
'Lindo d√≠a, me levante con suerte desde temprano',
'*viendo "en llamas"* *la protagonista rompe el campo de fuerza* *el cine entero aplaude*. Yo ya no entiendo mas nada',
'Uni con los chicos :)',
'No ten√≠a el trabajo, pero la computadora de la biblioteca "ten√≠a un virus", y me lo perdon√≥, jajaja, eso es suerte',
'Ultimamente no twitteo nada, no  se que onda',
'Justo hoy tengo que editar el video?, yo queria hacer que quede genial, pero no me da tiempo #Fuck',
'Perd√≠.',
'Este chab√≥n me hace odiar historia.',
'Tengo un finde bastaante movido,  tengo que aprovechar dormir ahora o voy a morir para el martes',
'#DiaDeLaMusica y otras cosas de las que no me entero nunca',
'Que lindo ser√≠a tener una pileta en mi casa, vivir√≠a boludeando ah√≠',
'Hoy el d√≠a estuvo genial',
'Tengo un sue√±oo, estoy muriendo, y ya dorm√≠ siesta',
'Patiada con los chicos en lo del enanooo',
'Situaciom sentimental: amando y siguiendo a samti maddesss',
'Quiero volver al Nacional y que nunca se termine, ser√≠a un sue√±o hecho realidad.',
'De vuelta en casa, fuck',
'Soy un fracasado hasta nuevo aviso.',
'Me perdi el desayuno por dormir, comida o dormir, comida o dormir, bueh ya fue dormir',
'Nunca ame tanto un juego de cartas como el mafia en los nacionales',
'*jugando al mafia* -Se despierta el rabino +JAJAJAJA',
'Buen dia hoy en la playa, ahora a jugar a las cartas #MuyAlPedo',
'*los de tercer nivel saliendo* +Como te fue?-Mejor que ayer +Te hicieron mierda no? -Si. +JAJA pichi yo todavia soy 2, jubilate',
'Todos hablando de justin bieber, calmense loco',
'Perder en el pool nivel: le pifie a la negra y se la deje servida http://t.co/f8wweaxael',
'Dale quiero la comida de verdad, no la entrada',
'*jugando al pool* Si, hace un triangulo isosceles magico la metes y ganamos. Ok se van al carajo chicos',
'Como me relaja ver el mar, podr√≠a quedarme horas',
'Pobre la gente que se estaba hospedando en el hotel desde antes, le caen 500 pibes, literal, una ya se fue del descontrol que hay',
'Primer almuerzo y ya no doy mas, el viernes salgo de mardel rodando',
'Fuck, me toco el piso 13 toda la onda eh',
'#Llegue #Alfin http://t.co/8mF7sOxrKu',
'Y sali√≥ dormir',
'La mole de seguridad del micro entro al ba√±o, corran! #MeSacoElHambre',
'Incomodo, al lado del ba√±o que nose porque a todos aca les agrada usar, pero bueno, empezo el viaje. #Nacional2013 http://t.co/y07fj74pNx',
'Este tipo es un incompetente, me saco el peor lugar en el peor micro, al lado del ba√±o, me odia. #SosUnHdp',
'Ma√±ana todos al Nacional &lt;3. No puedo estar mas ansioso #QueAlguienMeGolpee',
'1 D√≠a, mi ansiedad me consume.',
'Quiero salir a algun lado porque estuve encerrado mucho tiempo, y nadie quiere #GraciasEh #AsiQuedamos',
'No llega mas el lunes, me quiero ir ya!',
'Imposible no amar este juego',
'Probando el gta V con juangaa',
'Que bueeno 12 d√≠as sin colegio, y un hotel genial, todo gratis #ALaMierdaTodo #AmoEstaParteDelA√±o',
'Llegar y escuchar m√∫sica a todo lo que da.',
'- Eh amewooo ten√©' hora?
- Seg√∫n la posici√≥n del sol es mediod√≠a ¬°TE CAGUE HIJO DE PUTA INTENTA ROBARME EL SOL!',
'Que buen 15 el de ayer, la pase genial',
'Que diosa que es Martiii, divinaa',
'Estan todos histericos y molestos loco, calemense.',
'Entiendo el Instagram, pero no es para mi, no todos somos fotog√©nicos',
'Tocar la guitarra y empezar a gritar como un idiota a la vez, si se√±ores asi me divierto yo, #Bobo #Peguenle',
'Ansiedad+Hiperactividad en mi es una terrible irritaci√≥n para todo el que se me acerque, c√°lmenme de un golpe porfavor',
'Que buen partido hoy en gimasia, me cague de risa',
'La funda del s2 le entra genial al celu nuevo #ConseguiFunda',
'Un d√≠a normal en uno de los grupos de wpp #SomosEspeciales http://t.co/ZzSVVam9z2',
'Yo venia a dormir mi dulce siesta, y termine cortando el pasto #Fuck #Cabio',
'Admiro a los que hacen las publicidades de Quilmes y Coca-Cola, las mejores lejos',
'Como estan todos con los jueguitos de facebook, calmense.',
'Como siempre, ma√±ana con clases bien temprano, a pesar de que tienen que limpiar #SoloPasaEnElAgusti #TodosPutos',
'15 min de propaganda de los kirchner, la puta madre BASTA! Ojala se calmen ma√±ana',
'Este celular es genial, lo amo',
'Al 237 le falta un numero en el cartel, parece ser un 23, bien ahi',
'El PURE de Yanquilandia #CocinandoConElPibe http://t.co/oHpQZxRnSS',
'Antes de morir voy a la tomorrowland si o si!',
'Martin garrix, me solucionas el abirrimiento',
'Nacho: estos gatos de piccirilo, encima que venden droga. Jajaja',
'Que bueno q esta este celulaaaar',
'Probando el BBM 790E8190',
'Seee tengo nuevo celularr, gracias ma.',
'Algun dia quiero ir a la tomorrowland, sigo teniendo eso en la cabeza, tengo que cumplirlo',
'Calmense un poco chicos, se van al carajo',
'A la profesora de quimica le va a dar un colapso nervioso',
'Cuando se pelean 2 amigos, la cosa es dificil, si decis quien crees que tiene razon, la ligas vos tambien',
'Laucha tiene internet gracias a mi, soy tan crack (?), ah no',
'No sabia que Nico sabia jugar asi al ajedrez, me rompio el orto, encima jugaba mientras bailaba como un retrasado #MiHumillacion',
'Me quiero comprar el Galaxy s3 mini, esta genial',
'Denis se comio 2 negativos en historia, pero despues el profesor lo dejo corregir las pruebas, ok, algo esta mal',
'Me har√≠a un instagram, pero nunca me saco fotos, y me dar√≠a paja empezar a sacarme',
'Que lindo quedarse dormido, cuando tenias que hacer algo que no querias',
'Lindo d√≠a hoy, pero tengo mucho sue√±oo',
'Todavia no hicimos el puto trabajo de TIC',
'Vaamos chicos larguen las compus la puta que los pario',
'Ese momento incomodo en que todas las pcs estan ocupadas y tenes que hacer un trabajo',
'Alaben al/la que creo las pastas, #AmorEterno',
'Mi abuelo "en la remiseria tenemos una clienta que se llama Pura Concha de Alegre, y en Tucuman habia una Concha de Vaca"',
'Juntarse con la parte aburrida y clasica de la familia #AburrimientoTotal #AQueHoraNosVamos?',
'Una a una se van callendo las caretas',
'Que bien la pase en lo de germi hoy, estuvo genial',
'Dale, pelotudo es no mas el pibe, les encanta traerme problemas gratis',
'El "Aaaa chatr√°n" de Ale ahora esta en boca de todos, hoy lo dijeron 12312412 veces #Pego',
'No puedo parar de escuchar madeon hoy, no se que onda',
'Aca en twitter todas las noches son #NocheDeIndirectas, noche, dia, madrugada, todo.',
'Le voy a cobrar comisi√≥n por la publicidad que le hice al gil',
'Martin y sus resumenes, como vendio el hijo de puta! JAJAJA',
'Que lindos dias los de esta semanaa',
'Jajaja que idolooo de amigo que tengo',
'Que bien se siente cuando te sale todo bien, lastima que no dure mucho, pero igual',
'Lindo dia, volvio el calorrr',
'Odio como escriben los chilenos, "wea" "po, qlio" "aweonao" "weon, chucha" cada 2 palabras. COMPRATE UN DICCIONARIO PELOTUDO, me saca.',
'Lautaro falta ma√±ana, que forrooo, ahora no tengo a quien molestar',
'Me canse, basta!',
'Me aburrrooooooooo',
'Solo a mi me pasan estas cosas',
'Menosmal que ma√±ana no hay clases, sino me pegaba un tiro masomenos',
'Cama nuevaa!',
'Alguien se acuerda de esa propaganda que decia: "Que Sueiro apague la luz!" ? JAJAJA, malisima',
'Tiene LOS problemas, un psicologo se volveria loco el',
'Cumplea√±os de familia un sabado a la noche #Justo #Garron',
'Llego el judio de juangaa',
'#CosasQueLaBajan que te claven un visto',
'Que hago ahora 1 hora en la facultad de agronomia, ya me la recorri entera, me parece que sale dormir abajo de un arbol, ah ni negro',
'La proxima me vuelvo en colectivo',
'Que d√≠a de mierda',
'Hoy Ale rompio su propio r√©cord, durmio sin parar 3 horas c√°tedra seguidas, desde las 7:20 hasta las 9:30, incluyendo el recreo, #Crack',
'Nos pasaron la prueba de Qu√≠mica y no saque cosas de la mochila en todo el d√≠a #BuenJueves',
'Hoy: +"Che Hurti"  - "NO!, NI-CO, NI-CO, ENE I CE O, NI-CO!" JAJAJA como se saco este pibe',
'Dale dale dale, que llegue el viernesss',
'#EstariaMuyBuenoQue Mati llegue ma√±ana con buena onda al colegio, pero no, esas cosas no pasan jajaja',
'No puedo esperar mas para el viaje! Falta demasiadoo',
'Al fin volvieron los lindos dias seguidos',
'Ma√±ana nos toma DeJorge, todos van poniendo el culo en la pared',
'Que alguien me haga acordar que no me suba mas a un 343 azul, las calles con adoquines son insufribles, aguante el rojo',
'Y yo que queria dormir, tengo contraturno',
'#UnDefectoMio es que tengo tantos defectos que no los puedo nombrar todos sin olvidarme alguno',
'Uf, ahora me tengo que cocinar, ni ganaaas',
'Lindo dia',
'Como odio los domingos, son insufribles.',
'Que buen aba hoy',
'Dale 1 cuadra de cola para entrar a aba lpm',
'Todo mal loco, la puta madre',
'A lo de mati con los pibes!',
'Cuando no te decidis que tema esuchar, pones tomorrowland',
'No pude evitar la tentacion, sali en practicamente piyama a ver como cagaban a trompadas al intento de ladron, hac√≠an fila',
'JAJA, al lado de mi casa le quisieron robar al carnicero, ahora esta TODO el barrio en la esquina cagando a trompadas al chorro, por hdp JAJ',
'Me re duele todo y no puedo ni tragar, que mierda',
'Voy por la calle y pasa una nena de 6 a√±os cantando "El Shampu", nos fuimos al carajo.',
'Estar al pedo y ver la entrega de premios "Emmy"',
'Que mierda hoy la lluvia, cago todo',
'Noo, que no lluevaa',
'Desde el martes que no voy al cole, Seeeeeh',
'Aaaa que bronca loco',
'T√≠pico, es mi cumplea√±os y me comi la tradicional cagada a pi√±as sin filtro jajaja',
'Ah pero este pibe es alto pelotudo',
'Para√≠so 
http://t.co/Rgmj7Y0iWT',
'Ya me vi 3 horas de Bing Bang Theory.... ma√±ana salgo sin falta, a donde seaa !',
'#QueSeraDeLaVidaDe Auzmendiaa, que √≠dolo ese chabon',
'Increible como puede cambiar una vida de un segundo al otro, no? Pero completamente, la verdad, increible',
'Y de repente, la vida te da un vuelco de 180, y se te va todo a la mierda',
'Cause I'm only a crack in this castle of glass ‚ô™',
'Casi 34 grados en invierno, en 10 a√±os nos morimos todos por el calentamiento global a este paso',
'No quiero ir a computaciooon',
'Algo mas?',
'Y COMO DICE LA MORALEJA EL QUE NO SE EMPALMA SE DEJA SE DEJA',
'MIRA COMO ESTA LA VAGANCIA EN ESTE BAILE TODOS RE MAMADOS CON LAS MANOS EN EL AIREEEEEEEEE',
'Dia para no hacer naaada',
'Me voy 1 hora, vuelvo, y tengo 12 notificaciones de 12 publicaciones en fb diciendome "FAAMA", ok ponele',
'Todavia ni se que toma Jasson y lo tenemos a la primer hora, bien',
'Ah pero esta piba se sarpa en linda',
'Dejorge es lo mas basura que hay, hace y dice lo que se le canta pero al extremo, espero que un dia  a lo caguen a trompadas por pelotudo',
'Cosas embolantes y la tarea de Lakner',
'Ni ganas de ir al computacion',
'Aaaa me la suda el trabajo de salud, no lo hago y fue',
'Aaa me re cabio',
'Ni gaanas de hacer el trabajo de salud, para que carajo dije que lo iba a hacer',
'#TengoUnTerribleOdioA La gente que odia a las personas que, enrealidad, son iguales a el/ella, osea, HACETE CARGO y deja de hacerlo vos.',
'Una de las √∫nicas cosas buenas de las fiestas familiares, es la infinita comida que queda para el otro d√≠a',
'Aca con "Los Rancheros" terminando el asaado!',
'Hoy a lo de Rober con los pibees!',
'Momentos insoportables y una clase con Silva enojado',
'Menosmal que ma√±ana no hay posthora con Lakner porque sino ya iba a buscar la cuchara para cortarme las venas',
'Me saca cuando tardan media hora en contestarrr',
'Que bajon tener que ir a inglees, quiero dormiir!',
'Aaah que paja de levantarme temprano ma√±aaana',
'Mas temprano la misa de ma√±ana no, no? Las cosas que se hacen por el alfajor y la coca.. jajaj',
'Vamos al cinne y soy el unico que sabe como llegar al uni en el 343, genial',
'Hoy al cine con los pibes!',
'Recien me levanto, y veo que en el grupo de wpp del curso las respuestas de las pruebas de mate y quimica enteras JAJAJA',
'Los cumplea√±os de familia son aburridos, hasta que todo el mundo se pasa de copas..',
'Hay algo que de mas paja que un resumen de literatura, una prueba de religion y una prueba escrita de gimnasia, juntos?',
'Cosas al pedo y una prueba escrita del reglamento de basquet entero',
'Como odio a este chabon, nos hizo mieeerda en la prueba',
'#MeDaPorLasPelotas tener que hacer las pruebas de DeJorge, estoy en naturales capo, no me pidas fechas.',
'Aaaaaa tengo sue√±ooo!',
'Dios que diosa que es Mar.',
'El grupo de wpp del curso manda 10 mensajes por segundo, dejen de jodeeer',
'En serio vale llorar y hacer tanto bardo por unas entradas para ver a 5 pelotuditos hacer playback? Me dan pena',
'Porque a este chabon se le ocurre corregir la carpeta? Nunca corrige, ahora quiere que la completemos, que ganas de arruinarme el domingo',
'Hoy abadia estuvo geniaal!',
'Edenor, te odio.',
'Nada mejor que ganar esos partidos del contraturno y que el otro equipo se quede caliente',
'Profesora nueva de quimica, entra, y ya nos da 37 ejercicios para hacer, simplemente genial.',
'Ese momento de enojo cuando le decis a el peluquero que queres, y hace todo lo contrario el muy forro',
'No mas colegio hasta el lunes! WII',
'Ese momento en el que veo la bola de pelos que hab√≠a en mi cabeza, #ChauRulos',
'Ma√±ana a la peluqueria, nose si es bueno o malo, mis rulos estan en peligro',
'Odio que los chinos del mercado hablen entre ellos en... chino .',
'Y ahora tambien prohibieron publicidades de ofertas de mercados tanto en diario como por tele? Paso a paso, este pais se vuelve dictadura...',
'Estar al pedo: el deporte mas practicado del mundo.',
'Esto de tener que ir a los cumplea√±os de familia es un mierda sinceramente jajaja',
